<?xml version="1.0" encoding="UTF-8" ?>
<!DOCTYPE configuration
       PUBLIC "-//mybatis.org//DTD Config 3.0//EN"
       "https://mybatis.org/dtd/mybatis-3-config.dtd">
<configuration>
   <environments default="development">
       <environment id="development">
           <transactionManager type="JDBC"/>
           <dataSource type="POOLED">
<!--                数据库连接消息-->
               <property name="driver" value="com.mysql.cj.jdbc.Driver"/>
               <property name="url" value="jdbc:mysql://localhost:3306/week6?serverTimezone=UTC"/>
               <property name="username" value="root"/>
               <property name="password" value="Ny20040808"/>
           </dataSource>
       </environment>
   </environments>
   <mappers>
<!--        加载sql的映射文件-->
       <mapper resource="AccountMapper.xml"/>
   </mappers>
</configuration>